"gene","Galnt3",2.21393137364151,0.00100016833068539,0.0616532621664307
"gene","Tuba3b",5.00155406508899,0.00163246592709143,0.0616532621664307
"gene","Arsi",2.3233736731464,0.00207631416642085,0.0616532621664307
"gene","Alox12",6.14906979170698,0.00231852330108029,0.0616532621664307
"gene","Gpat2",2.68845260412577,0.00233809716480682,0.0616532621664307
"gene","LOC108352339",1.96453940678618,0.00266725283056557,0.0616532621664307
"gene","LOC103691972",2.36828529726895,0.00283640979461519,0.0616532621664307
"gene","Sbpl",4.46905884794455,0.00289525134516255,0.0616532621664307
"gene","Plag1",2.13388830324676,0.00320212248188034,0.0616532621664307
"gene","Wnt7a",2.39880542163639,0.00328732933642206,0.0616532621664307
"gene","Tle6",3.9931777766885,0.00330020420797217,0.0616532621664307
"gene","Bicdl2",2.26056295284604,0.00346837108327569,0.0616532621664307
"gene","Tnk1",2.96575485179153,0.00361403031737106,0.0616532621664307
"gene","Tmem200a",2.20375823509508,0.00362266017776758,0.0616532621664307
"gene","Krt23",2.63634693440625,0.00363508650273281,0.0616532621664307
"gene","Cct8l1",1.9352810798675,0.00370686894704852,0.0616532621664307
"gene","LOC100359503",1.66833577947956,0.00371292947722046,0.0616532621664307
"gene","LOC103690388",68.8804983480042,0.00384547942498537,0.0616532621664307
"gene","LOC690686",2.52276788806992,0.00420084241494034,0.0616532621664307
"gene","Exo1",3.19083836037993,0.00430784467502088,0.0616532621664307
"gene","Smarca1",1.98858994575366,0.00438892413111414,0.0616532621664307
"gene","Cap2",4.07177759805973,0.00532927090259627,0.0616532621664307
"gene","Cfap57",2.13680917188427,0.00568210728801843,0.0616532621664307
"gene","Zscan10",3.20885969151158,0.00592787150670926,0.0616532621664307
"gene","L3mbtl1",7.50945873473052,0.00608509927184775,0.0616532621664307
"gene","Prelid3a",9.16128665403698,0.00615578709225462,0.0616532621664307
"gene","Cd164l2",4.4354083637311,0.00624038952144623,0.0616532621664307
"gene","Serpina12",4.19700008072686,0.00624448291164992,0.0616532621664307
"gene","Wnk2",3.40165669561823,0.00628684177273509,0.0616532621664307
"gene","Vsx2",1.94785769478147,0.00634031810787405,0.0616532621664307
"gene","LOC103691757",4.92971696417151,0.0065542319773384,0.0616532621664307
"gene","Hmgcll1",3.75885062219895,0.00661690928212977,0.0616532621664307
"gene","LOC102555975",1.4215736469841,0.00666230283009062,0.0616532621664307
"gene","S100a3",2.36711988931505,0.00666648131180259,0.0616532621664307
"gene","LOC102550105",3.22065702055638,0.00668186788638692,0.0616532621664307
"gene","LOC103694396",1.91916908465701,0.00675968955867789,0.0616532621664307
"gene","LOC102555887",2.45444638546472,0.00690873955867022,0.0616532621664307
"gene","LOC102546781",3.04950377864772,0.00697620735914695,0.0616532621664307
"gene","Crabp2",5.47345023495832,0.00704669135020231,0.0616532621664307
"gene","Znrf4",14.1432277610025,0.00721053504242286,0.0616532621664307
"gene","Gpr20",3.22854074729796,0.00737888312611967,0.0616532621664307
"gene","LOC102548129",13.8760485166549,0.00750746721806705,0.0616532621664307
"gene","LOC103692501",1.80086063151374,0.00752899038752242,0.0616532621664307
"gene","Lamc3",3.24198124787023,0.00754457577944856,0.0616532621664307
"gene","Bmpr1b",2.59899113810239,0.00756178319527567,0.0616532621664307
"gene","LOC102548751",5.34287299271373,0.0076816739630835,0.0616532621664307
"gene","Fam131c",2.87767509975374,0.00777087120481801,0.0616532621664307
"gene","Kcng1",4.04284169357253,0.00780861595767712,0.0616532621664307
"gene","Ptx4",3.90735406332377,0.00787510011170311,0.0616532621664307
"gene","LOC103693354",1.73303800864066,0.00800518876541845,0.0616532621664307
"gene","LOC102552476",18.1045029875667,0.00809547247489828,0.0616532621664307
"gene","Cd163l1",4.56974792184443,0.00815128328169079,0.0616532621664307
"gene","LOC100909434",5.88579788777471,0.00829011617951569,0.0616532621664307
"gene","Fbxo41",4.73303940165486,0.00835282648671831,0.0616532621664307
"gene","Efcab5",3.98590028914173,0.00835496056397456,0.0616532621664307
"gene","Dmp1",8.15038663072992,0.00836849406065887,0.0616532621664307
"gene","LOC108352127",2.59668422514336,0.00837437422308684,0.0616532621664307
"gene","Dusp13",2.30889975442013,0.00839220698003151,0.0616532621664307
"gene","LOC102552530",4.41722732712415,0.00848987889620156,0.0616532621664307
"gene","LOC102548220",3.38489408708332,0.00862693338121601,0.0616532621664307
"gene","Gsc",4.65659814328804,0.00869455758041326,0.0616532621664307
"gene","Actl6b",3.48149264527188,0.00870123634169118,0.0616532621664307
"gene","RGD1561560",2.67648946376703,0.0087054501865329,0.0616532621664307
"gene","St6galnac1",5.0123948850052,0.0087091659582117,0.0616532621664307
"gene","Fam221b",13.702204564541,0.00871320244935936,0.0616532621664307
"gene","Bsnd",1.85828013171511,0.00872497638866609,0.0616532621664307
"gene","Clcnkb",3.215153611236,0.00873337979918998,0.0616532621664307
"gene","RGD1563870",1.99722208850711,0.00874325979442647,0.0616532621664307
"gene","Gpc2",8.37152219095717,0.0087638683247252,0.0616532621664307
"gene","Pom121l12",4.33758640051249,0.00877911450621249,0.0616532621664307
"gene","Efnb3",2.53974569456375,0.00885321395407834,0.0616532621664307
"gene","Mslnl",1.87724153070012,0.00886787322424087,0.0616532621664307
"gene","Il31ra",1.9004450181986,0.00888965441153511,0.0616532621664307
"gene","LOC108352071",6.34679237159469,0.00895659438773611,0.0616532621664307
"gene","LOC108351947",2.88208380610593,0.00897737924092645,0.0616532621664307
"gene","Kif4b",2.06253386142653,0.00898932851168222,0.0616532621664307
"gene","LOC100363107",6.51231266681709,0.008990630765628,0.0616532621664307
"gene","Slc24a4",2.54567957283987,0.0090014482417029,0.0616532621664307
"gene","Spata31d1d",3.60883372083067,0.00900698068118289,0.0616532621664307
"gene","Fam178b",2.35129192212626,0.00900958213123471,0.0616532621664307
"gene","Pde6a",2.37978165619874,0.00905336510206645,0.0616532621664307
"gene","Gsdmc",6.0393228026744,0.00915009558470659,0.0616532621664307
"gene","Cdh16",4.26761771104955,0.00919027437608366,0.0616532621664307
"gene","Kcnk4",2.84950667348753,0.0091926031541274,0.0616532621664307
"gene","LOC688321",18.8758170553804,0.00925538839920159,0.0616532621664307
"gene","LOC102550306",2.55848328310506,0.00933461458077645,0.0616532621664307
"gene","LOC108348864",2.12042848292562,0.00934987851899538,0.0616532621664307
"gene","LOC108351403",9.86609634547873,0.00936509130819085,0.0616532621664307
"gene","Atcay",7.24242263197341,0.00940620610002152,0.0616532621664307
"gene","Hydin",2.23248548462636,0.0095131025790901,0.0616532621664307
"gene","Zfp469",4.02618205531188,0.00961000385064159,0.0616532621664307
"gene","LOC108353242",6.44746857267041,0.00961259866821196,0.0616532621664307
"gene","Scn10a",2.79401768474776,0.00962341843388725,0.0616532621664307
"gene","LOC102551831",11.8493313458905,0.00969958307065522,0.0616532621664307
"gene","LOC100910084",3.65383023712185,0.00970154555228753,0.0616532621664307
"gene","Adamts16",1.88957132210752,0.00981761109823842,0.0616532621664307
"gene","LOC103693998",7.85201893970055,0.00989207067470255,0.0616532621664307
"gene","Kcnt1",2.68918017852568,0.00990235808471873,0.0616532621664307
"gene","Ccdc177",3.80366793369422,0.0100443126426475,0.0616532621664307
"gene","Cass4",4.42181856508066,0.0101208009921897,0.0616532621664307
"gene","LOC685048",4.22791154015977,0.0102671667821153,0.0616532621664307
"gene","Pou2f2",5.43347816318335,0.0103607118517379,0.0616532621664307
"gene","Lypd8",8.33021980071777,0.0103818341553099,0.0616532621664307
"gene","Aadacl3",2.34935006503571,0.0103939431883555,0.0616532621664307
"gene","Aanat",1.81742311866063,0.0103939431883555,0.0616532621664307
"gene","Abcc12",2.20393218144473,0.0103939431883555,0.0616532621664307
"gene","Acp7",3.93253724847432,0.0103939431883555,0.0616532621664307
"gene","Aire",3.63924184202182,0.0103939431883555,0.0616532621664307
"gene","Alox12b",3.04674921018481,0.0103939431883555,0.0616532621664307
"gene","Angpt4",2.34766106506541,0.0103939431883555,0.0616532621664307
"gene","Ankrd34b",1.97963195744189,0.0103939431883555,0.0616532621664307
"gene","Ano2",11.080671026481,0.0103939431883555,0.0616532621664307
"gene","Arhgef33",4.57764641893781,0.0103939431883555,0.0616532621664307
"gene","Arid3c",6.5028175327488,0.0103939431883555,0.0616532621664307
"gene","Ascl1",3.15962596198113,0.0103939431883555,0.0616532621664307
"gene","Ascl5",10.4806006322043,0.0103939431883555,0.0616532621664307
"gene","Atp4b",3.21604891041643,0.0103939431883555,0.0616532621664307
"gene","Becn2",10.5377963116266,0.0103939431883555,0.0616532621664307
"gene","Bsph2",3.39188331006263,0.0103939431883555,0.0616532621664307
"gene","Btn3a2",2.46889153908694,0.0103939431883555,0.0616532621664307
"gene","C1ql1",4.83380009080081,0.0103939431883555,0.0616532621664307
"gene","Cacna1s",4.55265849968912,0.0103939431883555,0.0616532621664307
"gene","Cacng2",2.46280463654164,0.0103939431883555,0.0616532621664307
"gene","Cacng5",9.68335187715877,0.0103939431883555,0.0616532621664307
"gene","Calcoco2",2.5466411392685,0.0103939431883555,0.0616532621664307
"gene","Caly",1.69481992422325,0.0103939431883555,0.0616532621664307
"gene","Capsl",2.03138912533053,0.0103939431883555,0.0616532621664307
"gene","Casq2",2.35912762176684,0.0103939431883555,0.0616532621664307
"gene","Catsperd",6.35764695959846,0.0103939431883555,0.0616532621664307
"gene","CB741658",1.80633751170778,0.0103939431883555,0.0616532621664307
"gene","Ccdc110",3.55749532098645,0.0103939431883555,0.0616532621664307
"gene","MSTRG.6881",3.38219709887786,0.0103939431883555,0.0616532621664307
"gene","Ccdc187",3.12906949788094,0.0103939431883555,0.0616532621664307
"gene","Ccnb1ip1",2.45943698194825,0.0103939431883555,0.0616532621664307
"gene","Cd27",1.87027719706365,0.0103939431883555,0.0616532621664307
"gene","Cd40lg",1.83590927374835,0.0103939431883555,0.0616532621664307
"gene","Ceacam3",2.92077217232217,0.0103939431883555,0.0616532621664307
"gene","Cfap58",2.08383588332284,0.0103939431883555,0.0616532621664307
"gene","Cgm4",10.0418628628819,0.0103939431883555,0.0616532621664307
"gene","Clca1",2.97685439572046,0.0103939431883555,0.0616532621664307
"gene","Clca2",2.54036946882915,0.0103939431883555,0.0616532621664307
"gene","Clpsl2",1.856824079964,0.0103939431883555,0.0616532621664307
"gene","Col6a4",3.96083969253347,0.0103939431883555,0.0616532621664307
"gene","Cpne4",2.55752708497207,0.0103939431883555,0.0616532621664307
"gene","Crhr1",3.93421624886869,0.0103939431883555,0.0616532621664307
"gene","Csn1s2a",17.444390628147,0.0103939431883555,0.0616532621664307
"gene","Ctsm",7.25671027807832,0.0103939431883555,0.0616532621664307
"gene","Cylc2",2.05360406603715,0.0103939431883555,0.0616532621664307
"gene","Dfnb59",1.99896643196062,0.0103939431883555,0.0616532621664307
"gene","Dgke",3.28879768889124,0.0103939431883555,0.0616532621664307
"gene","Dlec1",2.09815749721886,0.0103939431883555,0.0616532621664307
"gene","Dll3",2.70765283960903,0.0103939431883555,0.0616532621664307
"gene","Dlx3",2.1763600634061,0.0103939431883555,0.0616532621664307
"gene","Dmc1",25.6871566602652,0.0103939431883555,0.0616532621664307
"gene","Dnai2",2.15043203368131,0.0103939431883555,0.0616532621664307
"gene","Dpysl4",4.61889165722153,0.0103939431883555,0.0616532621664307
"gene","Dsc1",2.5280745210034,0.0103939431883555,0.0616532621664307
"gene","Dyx1c1",2.4317816899422,0.0103939431883555,0.0616532621664307
"gene","Eaf2",2.23226088284658,0.0103939431883555,0.0616532621664307
"gene","Epha8",4.18415912669079,0.0103939431883555,0.0616532621664307
"gene","Erich4",3.45025810561969,0.0103939431883555,0.0616532621664307
"gene","Esr2",2.01930410200826,0.0103939431883555,0.0616532621664307
"gene","Fam186b",7.3687756115563,0.0103939431883555,0.0616532621664307
"gene","Fezf2",1.93558695280491,0.0103939431883555,0.0616532621664307
"gene","Fgf8",3.21675387750433,0.0103939431883555,0.0616532621664307
"gene","Fibcd1l1",2.80725005770205,0.0103939431883555,0.0616532621664307
"gene","Foxb2",1.95830811745585,0.0103939431883555,0.0616532621664307
"gene","Foxe1",8.30580198224659,0.0103939431883555,0.0616532621664307
"gene","Gal3st4",2.76648364503486,0.0103939431883555,0.0616532621664307
"gene","Gas2l2",2.37603605262569,0.0103939431883555,0.0616532621664307
"gene","Gcm1",3.16160834985938,0.0103939431883555,0.0616532621664307
"gene","Gpr139",3.18185082522921,0.0103939431883555,0.0616532621664307
"gene","Guca2b",2.0605679106353,0.0103939431883555,0.0616532621664307
"gene","Gucy2e",3.56124949159849,0.0103939431883555,0.0616532621664307
"gene","Hcrtr2",2.42794084310495,0.0103939431883555,0.0616532621664307
"gene","Helt",3.58039485925338,0.0103939431883555,0.0616532621664307
"gene","Hif3a",7.77524581496003,0.0103939431883555,0.0616532621664307
"gene","Hmga2",2.47363144405139,0.0103939431883555,0.0616532621664307
"gene","Hoxd10",2.71683115355109,0.0103939431883555,0.0616532621664307
"gene","Hs3st6",2.51500466330152,0.0103939431883555,0.0616532621664307
"gene","Htr4",3.94793765813005,0.0103939431883555,0.0616532621664307
"gene","Igfl3",1.94442762958925,0.0103939431883555,0.0616532621664307
"gene","Igfn1",3.4395896384213,0.0103939431883555,0.0616532621664307
"gene","Inpp5j",2.41968597208831,0.0103939431883555,0.0616532621664307
"gene","Jakmip3",2.94952016379249,0.0103939431883555,0.0616532621664307
"gene","Kcnj3",2.8277039505848,0.0103939431883555,0.0616532621664307
"gene","Kcnj4",2.4097318753005,0.0103939431883555,0.0616532621664307
"gene","Kcnk2",4.17828686764364,0.0103939431883555,0.0616532621664307
"gene","Kcnk9",4.10529392690371,0.0103939431883555,0.0616532621664307
"gene","Klk15",3.12323913933132,0.0103939431883555,0.0616532621664307
"gene","Klk1c8",3.43966061804612,0.0103939431883555,0.0616532621664307
"gene","Kprp",24.0952531539703,0.0103939431883555,0.0616532621664307
"gene","Kremen2",16.0026525316768,0.0103939431883555,0.0616532621664307
"gene","Krt27",5.90129731807068,0.0103939431883555,0.0616532621664307
"gene","Krt40",4.82058332988928,0.0103939431883555,0.0616532621664307
"gene","Krt9",2.48156242904743,0.0103939431883555,0.0616532621664307
"gene","Krtap1-3",2.09815079260563,0.0103939431883555,0.0616532621664307
"gene","Krtap2-4",2.95541432784642,0.0103939431883555,0.0616532621664307
"gene","Krtap3-1",2.40209721348173,0.0103939431883555,0.0616532621664307
"gene","Krtap31-1",78.6561343678248,0.0103939431883555,0.0616532621664307
"gene","Krtap3-3",11.7935422132514,0.0103939431883555,0.0616532621664307
"gene","Krtap4-3",5.9923201813982,0.0103939431883555,0.0616532621664307
"gene","Lce3d",5.84427252927897,0.0103939431883555,0.0616532621664307
"gene","Lcn1",2.92382589195034,0.0103939431883555,0.0616532621664307
"gene","Lcn4",1.22466117721158,0.0103939431883555,0.0616532621664307
"gene","Lep",13.843258837846,0.0103939431883555,0.0616532621664307
"gene","Lipm",2.43997585666914,0.0103939431883555,0.0616532621664307
"gene","LOC100360821",6.00559452652736,0.0103939431883555,0.0616532621664307
"gene","LOC100362908",2.35859784068453,0.0103939431883555,0.0616532621664307
"gene","LOC100362978",1.6170820215429,0.0103939431883555,0.0616532621664307
"gene","LOC100365646",3.73463122446584,0.0103939431883555,0.0616532621664307
"gene","LOC100909609",4.10692839773928,0.0103939431883555,0.0616532621664307
"gene","LOC100909737",1.25380184584966,0.0103939431883555,0.0616532621664307
"gene","LOC100909858",8.19394757365109,0.0103939431883555,0.0616532621664307
"gene","LOC100909859",2.04653346351002,0.0103939431883555,0.0616532621664307
"gene","LOC100909884",3.63008103952856,0.0103939431883555,0.0616532621664307
"gene","LOC100910018",3.12580439458504,0.0103939431883555,0.0616532621664307
"gene","LOC100910419",7.70504736780628,0.0103939431883555,0.0616532621664307
"gene","LOC100910731",2.56604676395716,0.0103939431883555,0.0616532621664307
"gene","LOC100910838",5.71739683341599,0.0103939431883555,0.0616532621664307
"gene","LOC100911127",1.25761226858354,0.0103939431883555,0.0616532621664307
"gene","LOC100911839",7.93484399724524,0.0103939431883555,0.0616532621664307
"gene","LOC100911938",6.09400099138869,0.0103939431883555,0.0616532621664307
"gene","LOC100912003",1.31755401211494,0.0103939431883555,0.0616532621664307
"gene","LOC100912021",1.58927553412384,0.0103939431883555,0.0616532621664307
"gene","LOC100912529",4.41453758614668,0.0103939431883555,0.0616532621664307
"gene","LOC100912549",4.74510133389875,0.0103939431883555,0.0616532621664307
"gene","LOC102546326",1.43011947520595,0.0103939431883555,0.0616532621664307
"gene","LOC102546342",3.74580706933868,0.0103939431883555,0.0616532621664307
"gene","LOC102546469",1.44512510558796,0.0103939431883555,0.0616532621664307
"gene","LOC102546528",3.09750765186181,0.0103939431883555,0.0616532621664307
"gene","LOC102546684",8.85511276654963,0.0103939431883555,0.0616532621664307
"gene","LOC102546975",5.98425546978342,0.0103939431883555,0.0616532621664307
"gene","LOC102547107",5.06931153595221,0.0103939431883555,0.0616532621664307
"gene","LOC102547142",7.4667107084458,0.0103939431883555,0.0616532621664307
"gene","LOC102547196",3.93606419057268,0.0103939431883555,0.0616532621664307
"gene","LOC102547244",12.1791350321848,0.0103939431883555,0.0616532621664307
"gene","LOC102547612",1.59285098824924,0.0103939431883555,0.0616532621664307
"gene","LOC102547619",1.64179326599051,0.0103939431883555,0.0616532621664307
"gene","LOC102547686",1.25704897330636,0.0103939431883555,0.0616532621664307
"gene","LOC102547695",1.3104891714845,0.0103939431883555,0.0616532621664307
"gene","LOC102547937",5.34387224158454,0.0103939431883555,0.0616532621664307
"gene","LOC102547978",9.61872695883698,0.0103939431883555,0.0616532621664307
"gene","LOC102548210",2.63934555108994,0.0103939431883555,0.0616532621664307
"gene","LOC102548333",1.42269441497914,0.0103939431883555,0.0616532621664307
"gene","LOC102548486",28.5686779437033,0.0103939431883555,0.0616532621664307
"gene","LOC102548505",5.85091485949353,0.0103939431883555,0.0616532621664307
"gene","LOC102548568",4.84489156511933,0.0103939431883555,0.0616532621664307
"gene","LOC102548668",2.5230703986324,0.0103939431883555,0.0616532621664307
"gene","LOC102549213",1.6551395096904,0.0103939431883555,0.0616532621664307
"gene","LOC102549373",15.2121065428325,0.0103939431883555,0.0616532621664307
"gene","LOC102549418",10.080754097498,0.0103939431883555,0.0616532621664307
"gene","LOC102549537",6.32133200784381,0.0103939431883555,0.0616532621664307
"gene","LOC102549623",3.59623394731666,0.0103939431883555,0.0616532621664307
"gene","LOC102549652",2.26390257549314,0.0103939431883555,0.0616532621664307
"gene","LOC102549680",2.00612416109939,0.0103939431883555,0.0616532621664307
"gene","LOC102549716",6.61176919345951,0.0103939431883555,0.0616532621664307
"gene","LOC102549723",3.16072599409055,0.0103939431883555,0.0616532621664307
"gene","LOC102550047",1.19904722435191,0.0103939431883555,0.0616532621664307
"gene","LOC102550081",3.13352203562561,0.0103939431883555,0.0616532621664307
"gene","LOC102550202",5.94890306213741,0.0103939431883555,0.0616532621664307
"gene","LOC102550323",1.89654262228287,0.0103939431883555,0.0616532621664307
"gene","LOC102550392",5.08280233973934,0.0103939431883555,0.0616532621664307
"gene","LOC102550403",11.7753894789814,0.0103939431883555,0.0616532621664307
"gene","LOC102550600",1.17628726861803,0.0103939431883555,0.0616532621664307
"gene","LOC102550682",2.93171507338317,0.0103939431883555,0.0616532621664307
"gene","LOC102550890",5.70404724441471,0.0103939431883555,0.0616532621664307
"gene","LOC102550957",2.30637975748361,0.0103939431883555,0.0616532621664307
"gene","LOC102551064",1.61189035327446,0.0103939431883555,0.0616532621664307
"gene","LOC102551121",5.99402652868488,0.0103939431883555,0.0616532621664307
"gene","LOC102551317",1.66337171090261,0.0103939431883555,0.0616532621664307
"gene","LOC102551319",1.86973558224121,0.0103939431883555,0.0616532621664307
"gene","LOC102551351",2.83614087823701,0.0103939431883555,0.0616532621664307
"gene","LOC102551436",4.32820451271681,0.0103939431883555,0.0616532621664307
"gene","LOC102551633",6.15828316319133,0.0103939431883555,0.0616532621664307
"gene","LOC102551692",1.95237783137728,0.0103939431883555,0.0616532621664307
"gene","LOC102551773",1.88693524996116,0.0103939431883555,0.0616532621664307
"gene","LOC102551823",1.5347011641446,0.0103939431883555,0.0616532621664307
"gene","LOC102551897",1.99062339784187,0.0103939431883555,0.0616532621664307
"gene","LOC102552073",2.20999613487168,0.0103939431883555,0.0616532621664307
"gene","LOC102552144",3.20797350427732,0.0103939431883555,0.0616532621664307
"gene","LOC102552157",2.97668426085761,0.0103939431883555,0.0616532621664307
"gene","LOC102552278",3.23408998903299,0.0103939431883555,0.0616532621664307
"gene","LOC102552441",4.76216893107122,0.0103939431883555,0.0616532621664307
"gene","LOC102552479",3.54938223348561,0.0103939431883555,0.0616532621664307
"gene","LOC102552565",4.68218356429872,0.0103939431883555,0.0616532621664307
"gene","LOC102552651",8.83460802889856,0.0103939431883555,0.0616532621664307
"gene","LOC102552656",1.49967367569833,0.0103939431883555,0.0616532621664307
"gene","LOC102552669",1.69633266511625,0.0103939431883555,0.0616532621664307
"gene","LOC102552675",2.62038705902507,0.0103939431883555,0.0616532621664307
"gene","LOC102552712",2.53707462735513,0.0103939431883555,0.0616532621664307
"gene","LOC102552860",4.05614232967861,0.0103939431883555,0.0616532621664307
"gene","LOC102552912",1.7305192912066,0.0103939431883555,0.0616532621664307
"gene","LOC102552965",4.71538255016031,0.0103939431883555,0.0616532621664307
"gene","LOC102553036",1.98574295856081,0.0103939431883555,0.0616532621664307
"gene","LOC102553090",1.74005108241091,0.0103939431883555,0.0616532621664307
"gene","LOC102553311",5.47227900116826,0.0103939431883555,0.0616532621664307
"gene","LOC102553538",6.59568208993797,0.0103939431883555,0.0616532621664307
"gene","LOC102553542",3.86346328637008,0.0103939431883555,0.0616532621664307
"gene","LOC102553765",4.54042194565364,0.0103939431883555,0.0616532621664307
"gene","LOC102553845",2.90674762667431,0.0103939431883555,0.0616532621664307
"gene","LOC102553877",5.26894388458921,0.0103939431883555,0.0616532621664307
"gene","LOC102554065",10.126174648106,0.0103939431883555,0.0616532621664307
"gene","LOC102554068",2.75347929609444,0.0103939431883555,0.0616532621664307
"gene","LOC102554184",3.63058203320493,0.0103939431883555,0.0616532621664307
"gene","LOC102554355",2.08272131879813,0.0103939431883555,0.0616532621664307
"gene","LOC102554384",1.26703204898903,0.0103939431883555,0.0616532621664307
"gene","LOC102554412",2.74265594682961,0.0103939431883555,0.0616532621664307
"gene","LOC102554444",3.17822794371035,0.0103939431883555,0.0616532621664307
"gene","LOC102554571",3.02838791361356,0.0103939431883555,0.0616532621664307
"gene","LOC102554768",3.48735594472531,0.0103939431883555,0.0616532621664307
"gene","LOC102554789",6.4881116445239,0.0103939431883555,0.0616532621664307
"gene","LOC102554810",2.4468322751242,0.0103939431883555,0.0616532621664307
"gene","LOC102554817",2.82365458331679,0.0103939431883555,0.0616532621664307
"gene","LOC102554981",1.70363074277446,0.0103939431883555,0.0616532621664307
"gene","LOC102555053",6.7170700392174,0.0103939431883555,0.0616532621664307
"gene","LOC102555083",4.27774990526352,0.0103939431883555,0.0616532621664307
"gene","LOC102555145",2.59640165475737,0.0103939431883555,0.0616532621664307
"gene","LOC102555231",2.42563907979901,0.0103939431883555,0.0616532621664307
"gene","LOC102555300",5.65457094743847,0.0103939431883555,0.0616532621664307
"gene","LOC102555303",1.22243804528099,0.0103939431883555,0.0616532621664307
"gene","LOC102555375",9.99741117491528,0.0103939431883555,0.0616532621664307
"gene","LOC102555485",11.3159203353893,0.0103939431883555,0.0616532621664307
"gene","LOC102555501",2.22554128966057,0.0103939431883555,0.0616532621664307
"gene","LOC102555578",18.4799046169947,0.0103939431883555,0.0616532621664307
"gene","LOC102555694",2.02062310518177,0.0103939431883555,0.0616532621664307
"gene","LOC102555714",4.84727810429615,0.0103939431883555,0.0616532621664307
"gene","LOC102555715",5.08372346373927,0.0103939431883555,0.0616532621664307
"gene","LOC102555774",2.49634423345969,0.0103939431883555,0.0616532621664307
"gene","LOC102556022",1.16063566711958,0.0103939431883555,0.0616532621664307
"gene","LOC102556113",9.08430595159236,0.0103939431883555,0.0616532621664307
"gene","LOC102556161",3.06941506729755,0.0103939431883555,0.0616532621664307
"gene","LOC102556322",3.77007255798711,0.0103939431883555,0.0616532621664307
"gene","LOC102556501",2.14700398324616,0.0103939431883555,0.0616532621664307
"gene","LOC102556820",3.87008379324451,0.0103939431883555,0.0616532621664307
"gene","LOC102557019",2.01402146861473,0.0103939431883555,0.0616532621664307
"gene","LOC103689938",3.35049694181311,0.0103939431883555,0.0616532621664307
"gene","LOC103690036",3.65658090419166,0.0103939431883555,0.0616532621664307
"gene","LOC103690071",2.33401813137993,0.0103939431883555,0.0616532621664307
"gene","LOC103690452",1.64181322115085,0.0103939431883555,0.0616532621664307
"gene","LOC103690486",3.31331436153199,0.0103939431883555,0.0616532621664307
"gene","LOC103690562",1.77601341612488,0.0103939431883555,0.0616532621664307
"gene","LOC103690588",2.16481184049044,0.0103939431883555,0.0616532621664307
"gene","LOC103690792",9.79338416973186,0.0103939431883555,0.0616532621664307
"gene","LOC103690800",1.89955504491854,0.0103939431883555,0.0616532621664307
"gene","LOC103691041",2.76194674393647,0.0103939431883555,0.0616532621664307
"gene","LOC103691087",9.84722908127282,0.0103939431883555,0.0616532621664307
"gene","LOC103691215",1.89871445197995,0.0103939431883555,0.0616532621664307
"gene","LOC103691258",2.68587592149672,0.0103939431883555,0.0616532621664307
"gene","LOC103691315",2.7836359166062,0.0103939431883555,0.0616532621664307
"gene","LOC103691330",6.77736048706703,0.0103939431883555,0.0616532621664307
"gene","LOC103691371",5.01385607922381,0.0103939431883555,0.0616532621664307
"gene","LOC103691511",1.57745951272257,0.0103939431883555,0.0616532621664307
"gene","LOC103691628",3.04168477522927,0.0103939431883555,0.0616532621664307
"gene","LOC103691771",1.20973519180391,0.0103939431883555,0.0616532621664307
"gene","LOC103691796",3.12941711241263,0.0103939431883555,0.0616532621664307
"gene","LOC103691864",1.15100996682998,0.0103939431883555,0.0616532621664307
"gene","LOC103691983",3.99100699189238,0.0103939431883555,0.0616532621664307
"gene","LOC103692068",2.92215270587668,0.0103939431883555,0.0616532621664307
"gene","LOC103692122",2.5499140206319,0.0103939431883555,0.0616532621664307
"gene","LOC103692162",4.45082793363735,0.0103939431883555,0.0616532621664307
"gene","LOC103692180",2.86522972184786,0.0103939431883555,0.0616532621664307
"gene","LOC103692197",2.38513643610264,0.0103939431883555,0.0616532621664307
"gene","LOC103692227",1.43288830668817,0.0103939431883555,0.0616532621664307
"gene","LOC103692324",5.00184941651724,0.0103939431883555,0.0616532621664307
"gene","LOC103692412",2.05958540335083,0.0103939431883555,0.0616532621664307
"gene","LOC103692546",2.19267264814506,0.0103939431883555,0.0616532621664307
"gene","LOC103692608",5.41746710954589,0.0103939431883555,0.0616532621664307
"gene","LOC103692630",2.37957951160251,0.0103939431883555,0.0616532621664307
"gene","LOC103692697",2.49322015159298,0.0103939431883555,0.0616532621664307
"gene","LOC103692744",15.3419129823317,0.0103939431883555,0.0616532621664307
"gene","LOC103692758",4.60316509796915,0.0103939431883555,0.0616532621664307
"gene","LOC103692974",1.67516968119517,0.0103939431883555,0.0616532621664307
"gene","LOC103693025",3.15462528054459,0.0103939431883555,0.0616532621664307
"gene","LOC103693342",2.37727637110291,0.0103939431883555,0.0616532621664307
"gene","LOC103693389",2.62714111001803,0.0103939431883555,0.0616532621664307
"gene","LOC103693423",1.8682438182056,0.0103939431883555,0.0616532621664307
"gene","LOC103693436",1.88965663536616,0.0103939431883555,0.0616532621664307
"gene","LOC103693455",2.89767688523798,0.0103939431883555,0.0616532621664307
"gene","LOC103693543",5.85982057581322,0.0103939431883555,0.0616532621664307
"gene","LOC103693556",15.2301362182375,0.0103939431883555,0.0616532621664307
"gene","LOC103693583",1.42174159007475,0.0103939431883555,0.0616532621664307
"gene","LOC103693890",3.67942326806625,0.0103939431883555,0.0616532621664307
"gene","LOC103694050",11.4358836812155,0.0103939431883555,0.0616532621664307
"gene","LOC103694055",6.72287559198278,0.0103939431883555,0.0616532621664307
"gene","LOC103694163",4.59734838177998,0.0103939431883555,0.0616532621664307
"gene","LOC103694189",7.47804436180398,0.0103939431883555,0.0616532621664307
"gene","LOC103694260",6.68074908793884,0.0103939431883555,0.0616532621664307
"gene","LOC103694287",5.21462323862824,0.0103939431883555,0.0616532621664307
"gene","LOC103694308",3.8080502899798,0.0103939431883555,0.0616532621664307
"gene","LOC103694317",3.77177656534415,0.0103939431883555,0.0616532621664307
"gene","LOC103695050",15.0949518467339,0.0103939431883555,0.0616532621664307
"gene","LOC108348089",5.49343095740632,0.0103939431883555,0.0616532621664307
"gene","LOC108348133",3.22663816460628,0.0103939431883555,0.0616532621664307
"gene","LOC108348183",3.37655714033693,0.0103939431883555,0.0616532621664307
"gene","LOC108348273",1.95794871050254,0.0103939431883555,0.0616532621664307
"gene","LOC108348375",1.29133720559459,0.0103939431883555,0.0616532621664307
"gene","LOC108348413",2.09757885750658,0.0103939431883555,0.0616532621664307
"gene","LOC108348428",3.29321211934496,0.0103939431883555,0.0616532621664307
"gene","LOC108348499",6.35865216300876,0.0103939431883555,0.0616532621664307
"gene","LOC108348540",3.21432182825077,0.0103939431883555,0.0616532621664307
"gene","LOC108348555",8.88474140830814,0.0103939431883555,0.0616532621664307
"gene","LOC108348581",1.75421572049101,0.0103939431883555,0.0616532621664307
"gene","LOC108348785",1.92988978096497,0.0103939431883555,0.0616532621664307
"gene","LOC108348808",2.22323645423232,0.0103939431883555,0.0616532621664307
"gene","LOC108348809",1.48701500732577,0.0103939431883555,0.0616532621664307
"gene","LOC108349233",1.19542813956867,0.0103939431883555,0.0616532621664307
"gene","LOC108349626",1.92864008775195,0.0103939431883555,0.0616532621664307
"gene","LOC108349657",4.31598099583184,0.0103939431883555,0.0616532621664307
"gene","LOC108349660",12.0233027532871,0.0103939431883555,0.0616532621664307
"gene","LOC108349661",36.0585159046335,0.0103939431883555,0.0616532621664307
"gene","LOC108349663",13.7852096972556,0.0103939431883555,0.0616532621664307
"gene","LOC108349665",4.67913577457285,0.0103939431883555,0.0616532621664307
"gene","LOC108349752",4.40365750417764,0.0103939431883555,0.0616532621664307
"gene","LOC108349804",10.5676056746717,0.0103939431883555,0.0616532621664307
"gene","LOC108349912",3.59381154329802,0.0103939431883555,0.0616532621664307
"gene","LOC108349964",2.85826269099119,0.0103939431883555,0.0616532621664307
"gene","LOC108350007",11.7218043565062,0.0103939431883555,0.0616532621664307
"gene","LOC108350044",52.7625900429083,0.0103939431883555,0.0616532621664307
"gene","LOC108350062",2.18518425234525,0.0103939431883555,0.0616532621664307
"gene","LOC108350245",7.77425463611566,0.0103939431883555,0.0616532621664307
"gene","LOC108350291",1.99881306436404,0.0103939431883555,0.0616532621664307
"gene","LOC108350338",1.52633667066633,0.0103939431883555,0.0616532621664307
"gene","LOC108350346",2.18520893542961,0.0103939431883555,0.0616532621664307
"gene","LOC108350374",3.55825983238131,0.0103939431883555,0.0616532621664307
"gene","LOC108350394",8.10005883417241,0.0103939431883555,0.0616532621664307
"gene","LOC108350441",3.38595222458294,0.0103939431883555,0.0616532621664307
"gene","LOC108350462",1.64803219001253,0.0103939431883555,0.0616532621664307
"gene","LOC108350621",4.32315026447429,0.0103939431883555,0.0616532621664307
"gene","LOC108350665",1.95094621472613,0.0103939431883555,0.0616532621664307
"gene","LOC108350680",1.78253792360632,0.0103939431883555,0.0616532621664307
"gene","LOC108350763",25.8501129946532,0.0103939431883555,0.0616532621664307
"gene","LOC108350768",2.32932859059876,0.0103939431883555,0.0616532621664307
"gene","LOC108350790",2.24739221018545,0.0103939431883555,0.0616532621664307
"gene","LOC108350859",2.70720353712881,0.0103939431883555,0.0616532621664307
"gene","LOC108350958",1.83667398265455,0.0103939431883555,0.0616532621664307
"gene","LOC108350977",1.30495732137561,0.0103939431883555,0.0616532621664307
"gene","LOC108351009",1.38682329382268,0.0103939431883555,0.0616532621664307
"gene","LOC108351045",3.46974116698394,0.0103939431883555,0.0616532621664307
"gene","LOC108351047",2.28071769875725,0.0103939431883555,0.0616532621664307
"gene","LOC108351048",1.94774560306697,0.0103939431883555,0.0616532621664307
"gene","LOC108351059",1.51226084233037,0.0103939431883555,0.0616532621664307
"gene","LOC108351221",3.62439232738229,0.0103939431883555,0.0616532621664307
"gene","LOC108351273",4.5416773248719,0.0103939431883555,0.0616532621664307
"gene","LOC108351294",6.25802540822374,0.0103939431883555,0.0616532621664307
"gene","LOC108351367",2.07013082204764,0.0103939431883555,0.0616532621664307
"gene","LOC108351401",1.78400751674978,0.0103939431883555,0.0616532621664307
"gene","LOC108351423",4.2560025803146,0.0103939431883555,0.0616532621664307
"gene","LOC108351449",2.857585543279,0.0103939431883555,0.0616532621664307
"gene","LOC108351480",6.01577852298654,0.0103939431883555,0.0616532621664307
"gene","LOC108351541",13.672117193779,0.0103939431883555,0.0616532621664307
"gene","LOC108351545",1.81093117894628,0.0103939431883555,0.0616532621664307
"gene","LOC108351547",2.8175052926271,0.0103939431883555,0.0616532621664307
"gene","LOC108351548",2.55711709861903,0.0103939431883555,0.0616532621664307
"gene","LOC108351625",2.33066872320475,0.0103939431883555,0.0616532621664307
"gene","LOC108351701",1.37521441693275,0.0103939431883555,0.0616532621664307
"gene","LOC108351702",2.5743895244378,0.0103939431883555,0.0616532621664307
"gene","LOC108351744",3.37243158517075,0.0103939431883555,0.0616532621664307
"gene","LOC108351757",6.34408474687475,0.0103939431883555,0.0616532621664307
"gene","LOC108351818",1.52974328896724,0.0103939431883555,0.0616532621664307
"gene","LOC108351855",2.36188733004515,0.0103939431883555,0.0616532621664307
"gene","LOC108351881",1.94661857630548,0.0103939431883555,0.0616532621664307
"gene","LOC108352058",7.05661404971097,0.0103939431883555,0.0616532621664307
"gene","LOC108352078",21.8354657826145,0.0103939431883555,0.0616532621664307
"gene","LOC108352086",7.613848989112,0.0103939431883555,0.0616532621664307
"gene","LOC108352144",2.36238905280446,0.0103939431883555,0.0616532621664307
"gene","LOC108352146",5.00459885858345,0.0103939431883555,0.0616532621664307
"gene","LOC108352164",8.05657149776869,0.0103939431883555,0.0616532621664307
"gene","LOC108352174",1.85637901331194,0.0103939431883555,0.0616532621664307
"gene","LOC108352180",5.04273290650017,0.0103939431883555,0.0616532621664307
"gene","LOC108352215",1.4303540027108,0.0103939431883555,0.0616532621664307
"gene","LOC108352226",2.19009806678025,0.0103939431883555,0.0616532621664307
"gene","LOC108352341",4.35078907781625,0.0103939431883555,0.0616532621664307
"gene","LOC108352398",1.44197769822053,0.0103939431883555,0.0616532621664307
"gene","LOC108352497",3.17796400630369,0.0103939431883555,0.0616532621664307
"gene","LOC108352498",5.15195980625696,0.0103939431883555,0.0616532621664307
"gene","LOC108352557",3.40072871414954,0.0103939431883555,0.0616532621664307
"gene","LOC108352575",11.2278337169459,0.0103939431883555,0.0616532621664307
"gene","LOC108352697",6.07399646992635,0.0103939431883555,0.0616532621664307
"gene","LOC108352717",2.1372731541137,0.0103939431883555,0.0616532621664307
"gene","LOC108352729",5.51874875602378,0.0103939431883555,0.0616532621664307
"gene","LOC108352742",1.54731958407775,0.0103939431883555,0.0616532621664307
"gene","LOC108352923",3.49688337335881,0.0103939431883555,0.0616532621664307
"gene","LOC108352931",3.45651517549717,0.0103939431883555,0.0616532621664307
"gene","LOC108352963",6.62228908465131,0.0103939431883555,0.0616532621664307
"gene","LOC108352980",11.9542093377884,0.0103939431883555,0.0616532621664307
"gene","LOC108353024",11.1004457261609,0.0103939431883555,0.0616532621664307
"gene","LOC108353122",3.25391296344626,0.0103939431883555,0.0616532621664307
"gene","LOC108353131",1.85527038262577,0.0103939431883555,0.0616532621664307
"gene","LOC108353175",6.26346534077804,0.0103939431883555,0.0616532621664307
"gene","LOC108353198",4.28817935890562,0.0103939431883555,0.0616532621664307
"gene","LOC108353233",2.0520873665707,0.0103939431883555,0.0616532621664307
"gene","LOC108353275",3.11065738453664,0.0103939431883555,0.0616532621664307
"gene","LOC108353303",2.98131645782525,0.0103939431883555,0.0616532621664307
"gene","LOC290876",16.1653308486068,0.0103939431883555,0.0616532621664307
"gene","LOC300024",5.03887940074949,0.0103939431883555,0.0616532621664307
"gene","LOC498155",4.12220057189892,0.0103939431883555,0.0616532621664307
"gene","LOC680396",1.35192565349607,0.0103939431883555,0.0616532621664307
"gene","LOC681077",1.59511861673966,0.0103939431883555,0.0616532621664307
"gene","LOC685793",2.70794338875683,0.0103939431883555,0.0616532621664307
"gene","LOC685989",7.25103905531996,0.0103939431883555,0.0616532621664307
"gene","LOC686641",1.29520118816079,0.0103939431883555,0.0616532621664307
"gene","LOC688858",4.81525648585937,0.0103939431883555,0.0616532621664307
"gene","LOC689230",1.49997746753107,0.0103939431883555,0.0616532621664307
"gene","LOC689268",4.19523255193035,0.0103939431883555,0.0616532621664307
"gene","LOC689569",2.8724180094258,0.0103939431883555,0.0616532621664307
"gene","LOC689587",4.27848847180657,0.0103939431883555,0.0616532621664307
"gene","LOC689589",9.02769806646174,0.0103939431883555,0.0616532621664307
"gene","LOC690191",4.70836425229562,0.0103939431883555,0.0616532621664307
"gene","LOC690813",3.33177825645569,0.0103939431883555,0.0616532621664307
"gene","LOC691277",7.41641483610265,0.0103939431883555,0.0616532621664307
"gene","LOC691485",3.90791177820284,0.0103939431883555,0.0616532621664307
"gene","LOC691970",4.07974207193624,0.0103939431883555,0.0616532621664307
"gene","Lrrc23",3.08206581179699,0.0103939431883555,0.0616532621664307
"gene","Lrrn4cl",2.4836506227213,0.0103939431883555,0.0616532621664307
"gene","Megf11",8.06941954147532,0.0103939431883555,0.0616532621664307
"gene","Mep1a",5.34665202917654,0.0103939431883555,0.0616532621664307
"gene","Mir10a",1.15652497447851,0.0103939431883555,0.0616532621664307
"gene","Mir190b",1.11493469338345,0.0103939431883555,0.0616532621664307
"gene","Mir210",1.13255021471626,0.0103939431883555,0.0616532621664307
"gene","Mir344g",1.07307009961508,0.0103939431883555,0.0616532621664307
"gene","Mir3546",1.128688531725,0.0103939431883555,0.0616532621664307
"gene","Mir3574",1.61320727720109,0.0103939431883555,0.0616532621664307
"gene","Mir674",1.91823514229446,0.0103939431883555,0.0616532621664307
"gene","Moxd1",3.49507827648332,0.0103939431883555,0.0616532621664307
"gene","Mroh9",7.14459450637302,0.0103939431883555,0.0616532621664307
"gene","Msx3",3.77453076254304,0.0103939431883555,0.0616532621664307
"gene","Myh1",2.13415519549133,0.0103939431883555,0.0616532621664307
"gene","Myh2",1.97273152764572,0.0103939431883555,0.0616532621664307
"gene","Myh6",2.24959062150426,0.0103939431883555,0.0616532621664307
"gene","Myl1",4.49198537429209,0.0103939431883555,0.0616532621664307
"gene","Myl3",2.26243344073962,0.0103939431883555,0.0616532621664307
"gene","Myo3b",6.12702400025269,0.0103939431883555,0.0616532621664307
"gene","Myom3",2.44546138022989,0.0103939431883555,0.0616532621664307
"gene","Nanos2",1.1723131177183,0.0103939431883555,0.0616532621664307
"gene","Nccrp1",7.67325409238336,0.0103939431883555,0.0616532621664307
"gene","Nell2",3.94784814201711,0.0103939431883555,0.0616532621664307
"gene","Neurod4",2.56304203400203,0.0103939431883555,0.0616532621664307
"gene","NEWGENE_1305560",3.80105906807748,0.0103939431883555,0.0616532621664307
"gene","Nkx3-1",2.16547526408321,0.0103939431883555,0.0616532621664307
"gene","Nme8",4.36470563451664,0.0103939431883555,0.0616532621664307
"gene","Nme9",1.92626288735561,0.0103939431883555,0.0616532621664307
"gene","Npy2r",3.80698764446539,0.0103939431883555,0.0616532621664307
"gene","Nxnl1",2.22337601492644,0.0103939431883555,0.0616532621664307
"gene","Oacyl",2.03909770667483,0.0103939431883555,0.0616532621664307
"gene","Olig2",2.04190737651086,0.0103939431883555,0.0616532621664307
"gene","Olr103",3.95556803440728,0.0103939431883555,0.0616532621664307
"gene","Olr105",8.9134383582345,0.0103939431883555,0.0616532621664307
"gene","Olr1076",12.6809883257949,0.0103939431883555,0.0616532621664307
"gene","Olr1086",2.04561081346515,0.0103939431883555,0.0616532621664307
"gene","Olr1102",3.07432908258452,0.0103939431883555,0.0616532621664307
"gene","Olr1105",2.30202463528021,0.0103939431883555,0.0616532621664307
"gene","Olr1106",2.99424921567873,0.0103939431883555,0.0616532621664307
"gene","Olr1107",2.97782734440963,0.0103939431883555,0.0616532621664307
"gene","Olr1146",2.45417938177361,0.0103939431883555,0.0616532621664307
"gene","Olr1151",1.94144660691834,0.0103939431883555,0.0616532621664307
"gene","Olr1158",6.32545142302459,0.0103939431883555,0.0616532621664307
"gene","Olr1166",7.95387985632961,0.0103939431883555,0.0616532621664307
"gene","Olr1185",3.53070366582202,0.0103939431883555,0.0616532621664307
"gene","Olr12",2.92190216899074,0.0103939431883555,0.0616532621664307
"gene","Olr120",3.91398518773967,0.0103939431883555,0.0616532621664307
"gene","Olr121",1.89162402672019,0.0103939431883555,0.0616532621664307
"gene","Olr122",29.7259388804066,0.0103939431883555,0.0616532621664307
"gene","Olr128",2.05055144721022,0.0103939431883555,0.0616532621664307
"gene","Olr1283",2.30866169158305,0.0103939431883555,0.0616532621664307
"gene","Olr1285",5.27630065240625,0.0103939431883555,0.0616532621664307
"gene","Olr1288",3.51326383689266,0.0103939431883555,0.0616532621664307
"gene","Olr1294",3.39648589093345,0.0103939431883555,0.0616532621664307
"gene","Olr1394",1.86161590066715,0.0103939431883555,0.0616532621664307
"gene","Olr1396",2.21988190186484,0.0103939431883555,0.0616532621664307
"gene","Olr1397",2.08880752449135,0.0103939431883555,0.0616532621664307
"gene","Olr1416",3.21231326210513,0.0103939431883555,0.0616532621664307
"gene","Olr1472",2.95759360462383,0.0103939431883555,0.0616532621664307
"gene","Olr1533",3.12041957019136,0.0103939431883555,0.0616532621664307
"gene","Olr1566",2.34373943605372,0.0103939431883555,0.0616532621664307
"gene","Olr1569",3.11347835518524,0.0103939431883555,0.0616532621664307
"gene","Olr16",3.32746755646591,0.0103939431883555,0.0616532621664307
"gene","Olr1602",3.87464357054995,0.0103939431883555,0.0616532621664307
"gene","Olr1611",4.48114334612263,0.0103939431883555,0.0616532621664307
"gene","Olr1619",2.35064880529972,0.0103939431883555,0.0616532621664307
"gene","Olr1622",3.47934879721821,0.0103939431883555,0.0616532621664307
"gene","Olr1625",1.9749851164113,0.0103939431883555,0.0616532621664307
"gene","Olr1679",3.18699142953653,0.0103939431883555,0.0616532621664307
"gene","Olr1726",3.77324081608543,0.0103939431883555,0.0616532621664307
"gene","Olr1729",4.09749768867477,0.0103939431883555,0.0616532621664307
"gene","Olr1733",3.09365407595342,0.0103939431883555,0.0616532621664307
"gene","Olr1739",5.79078330658588,0.0103939431883555,0.0616532621664307
"gene","Olr184",2.12349060418288,0.0103939431883555,0.0616532621664307
"gene","Olr186",8.13669607364014,0.0103939431883555,0.0616532621664307
"gene","Olr199",3.01126374331787,0.0103939431883555,0.0616532621664307
"gene","Olr229",1.86426820627601,0.0103939431883555,0.0616532621664307
"gene","Olr230",2.05002024081866,0.0103939431883555,0.0616532621664307
"gene","Olr244",3.47088381337465,0.0103939431883555,0.0616532621664307
"gene","Olr245",4.71003622132434,0.0103939431883555,0.0616532621664307
"gene","Olr300",2.70181902600539,0.0103939431883555,0.0616532621664307
"gene","Olr304",3.11512432084974,0.0103939431883555,0.0616532621664307
"gene","Olr357",2.23360342776509,0.0103939431883555,0.0616532621664307
"gene","Olr48",3.92837022498715,0.0103939431883555,0.0616532621664307
"gene","Olr499",1.9644748594288,0.0103939431883555,0.0616532621664307
"gene","Olr554",2.13989948635071,0.0103939431883555,0.0616532621664307
"gene","Olr557",1.8858586741176,0.0103939431883555,0.0616532621664307
"gene","Olr558",17.7221201115146,0.0103939431883555,0.0616532621664307
"gene","Olr569",1.8356312344559,0.0103939431883555,0.0616532621664307
"gene","Olr592",2.04384090129967,0.0103939431883555,0.0616532621664307
"gene","Olr595",2.14526169577917,0.0103939431883555,0.0616532621664307
"gene","Olr597",3.53874415452621,0.0103939431883555,0.0616532621664307
"gene","Olr598",6.07218465579191,0.0103939431883555,0.0616532621664307
"gene","Olr609",2.60173856611243,0.0103939431883555,0.0616532621664307
"gene","Olr610",5.49712978757652,0.0103939431883555,0.0616532621664307
"gene","Olr633",3.19805510435541,0.0103939431883555,0.0616532621664307
"gene","Olr665",1.86383248819137,0.0103939431883555,0.0616532621664307
"gene","Olr67",2.21984051679201,0.0103939431883555,0.0616532621664307
"gene","Olr694",5.5689442834461,0.0103939431883555,0.0616532621664307
"gene","Olr698",7.4307448522536,0.0103939431883555,0.0616532621664307
"gene","Olr704",3.87722456014828,0.0103939431883555,0.0616532621664307
"gene","Olr786",6.25436535631275,0.0103939431883555,0.0616532621664307
"gene","Olr833",3.51452304192068,0.0103939431883555,0.0616532621664307
"gene","Olr859",14.9029005388683,0.0103939431883555,0.0616532621664307
"gene","Olr860",2.5416958319825,0.0103939431883555,0.0616532621664307
"gene","Olr867",2.04899223748124,0.0103939431883555,0.0616532621664307
"gene","Otol1",2.42127923610474,0.0103939431883555,0.0616532621664307
"gene","Palm3",3.94302562872279,0.0103939431883555,0.0616532621664307
"gene","Pax3",2.54490126577897,0.0103939431883555,0.0616532621664307
"gene","Pdx1",5.97548696953552,0.0103939431883555,0.0616532621664307
"gene","Pgbd2",5.01952086216758,0.0103939431883555,0.0616532621664307
"gene","Pglyrp4",3.12225238420689,0.0103939431883555,0.0616532621664307
"gene","Plch2",5.19905324095681,0.0103939431883555,0.0616532621664307
"gene","Plcxd3",3.96278249089303,0.0103939431883555,0.0616532621664307
"gene","Plscr5",4.26496820648909,0.0103939431883555,0.0616532621664307
"gene","Pnmal1",2.21073860251868,0.0103939431883555,0.0616532621664307
"gene","Pou5f1",4.57279855968286,0.0103939431883555,0.0616532621664307
"gene","Pramel6",4.4812911777488,0.0103939431883555,0.0616532621664307
"gene","Pramel7",7.94177064050593,0.0103939431883555,0.0616532621664307
"gene","Prr21",2.76138894072068,0.0103939431883555,0.0616532621664307
"gene","Prrt4",2.13621438662166,0.0103939431883555,0.0616532621664307
"gene","Prss27",7.0835424349202,0.0103939431883555,0.0616532621664307
"gene","Prss57",2.06929111596166,0.0103939431883555,0.0616532621664307
"gene","Prx",1.88797651088622,0.0103939431883555,0.0616532621664307
"gene","Psors1c2",11.0849664106778,0.0103939431883555,0.0616532621664307
"gene","Rad21l1",2.28520392099406,0.0103939431883555,0.0616532621664307
"gene","Rasal1",8.40153455320744,0.0103939431883555,0.0616532621664307
"gene","Rd3",1.86323571794168,0.0103939431883555,0.0616532621664307
"gene","RGD1306750",2.63152934079011,0.0103939431883555,0.0616532621664307
"gene","RGD1560324",9.64833529427426,0.0103939431883555,0.0616532621664307
"gene","RGD1560608",7.18873386323726,0.0103939431883555,0.0616532621664307
"gene","RGD1561445",7.07050254098129,0.0103939431883555,0.0616532621664307
"gene","RGD1561684",2.00188780112549,0.0103939431883555,0.0616532621664307
"gene","RGD1562394",13.3197494054546,0.0103939431883555,0.0616532621664307
"gene","RGD1563136",3.20398078279505,0.0103939431883555,0.0616532621664307
"gene","RGD1563714",9.68973734066898,0.0103939431883555,0.0616532621664307
"gene","RGD1563815",3.33431802815076,0.0103939431883555,0.0616532621664307
"gene","RGD1564324",7.61924560323075,0.0103939431883555,0.0616532621664307
"gene","RGD1564972",2.10125551646727,0.0103939431883555,0.0616532621664307
"gene","RGD1565071",7.69983657132409,0.0103939431883555,0.0616532621664307
"gene","RGD1565693",3.08486890204948,0.0103939431883555,0.0616532621664307
"gene","RGD1566083",2.2557802094829,0.0103939431883555,0.0616532621664307
"gene","RGD1566184",9.72996536256361,0.0103939431883555,0.0616532621664307
"gene","Rgs8",3.8741669548352,0.0103939431883555,0.0616532621664307
"gene","Riiad1",2.12176513359366,0.0103939431883555,0.0616532621664307
"gene","Rims3",1.69158855706327,0.0103939431883555,0.0616532621664307
"gene","RT1-DOa",1.90970730363442,0.0103939431883555,0.0616532621664307
"gene","Sage1",3.30801841997068,0.0103939431883555,0.0616532621664307
"gene","Sall3",2.16384363016628,0.0103939431883555,0.0616532621664307
"gene","Samt4",15.4281327018712,0.0103939431883555,0.0616532621664307
"gene","Scnn1g",3.06912818234101,0.0103939431883555,0.0616532621664307
"gene","Slc25a41",3.73158723325093,0.0103939431883555,0.0616532621664307
"gene","Slc2a3",2.25174919070461,0.0103939431883555,0.0616532621664307
"gene","Slc4a9",4.23286987781324,0.0103939431883555,0.0616532621664307
"gene","Slco6c1",2.30347758925848,0.0103939431883555,0.0616532621664307
"gene","Sox10",2.48754390854565,0.0103939431883555,0.0616532621664307
"gene","Sox30",2.00383754288098,0.0103939431883555,0.0616532621664307
"gene","Spo11",2.58865211841021,0.0103939431883555,0.0616532621664307
"gene","Spocd1",1.86890549541763,0.0103939431883555,0.0616532621664307
"gene","Sprr2d",10.8097160798575,0.0103939431883555,0.0616532621664307
"gene","Srd5a2",2.40382650563113,0.0103939431883555,0.0616532621664307
"gene","Sst",2.16738511668483,0.0103939431883555,0.0616532621664307
"gene","Stath",7.82427250613265,0.0103939431883555,0.0616532621664307
"gene","Stpg2",2.7776864253358,0.0103939431883555,0.0616532621664307
"gene","Syt4",3.31535086060584,0.0103939431883555,0.0616532621664307
"gene","Syt8",4.09082403914884,0.0103939431883555,0.0616532621664307
"gene","Tas2r102",2.08558120757742,0.0103939431883555,0.0616532621664307
"gene","Tdgf1",2.86947792539363,0.0103939431883555,0.0616532621664307
"gene","Tdrd9",2.61319606106456,0.0103939431883555,0.0616532621664307
"gene","Tesb",2.11846852726243,0.0103939431883555,0.0616532621664307
"gene","Theg",1.96146393433027,0.0103939431883555,0.0616532621664307
"gene","Tmem45b",1.84753213136807,0.0103939431883555,0.0616532621664307
"gene","Tmem92",2.24863541376568,0.0103939431883555,0.0616532621664307
"gene","Tmprss9",2.02846520665979,0.0103939431883555,0.0616532621664307
"gene","Tulp1",6.92035803291328,0.0103939431883555,0.0616532621664307
"gene","Txndc8",3.19381349365263,0.0103939431883555,0.0616532621664307
"gene","Ubash3a",4.53670669074532,0.0103939431883555,0.0616532621664307
"gene","Umodl",4.68233204011096,0.0103939431883555,0.0616532621664307
"gene","Uts2",2.59447639928121,0.0103939431883555,0.0616532621664307
"gene","Vom1r100",2.00451683579289,0.0103939431883555,0.0616532621664307
"gene","Vom1r103",2.98977330697013,0.0103939431883555,0.0616532621664307
"gene","Vom1r5",3.13198015147045,0.0103939431883555,0.0616532621664307
"gene","Vom1r64",6.42820850326973,0.0103939431883555,0.0616532621664307
"gene","Vom1r76",2.89055626734958,0.0103939431883555,0.0616532621664307
"gene","Vom1r94",1.86626067491031,0.0103939431883555,0.0616532621664307
"gene","Vom2r10",4.61452575001008,0.0103939431883555,0.0616532621664307
"gene","Vom2r11",1.85719740456012,0.0103939431883555,0.0616532621664307
"gene","Vom2r7",1.86345710699913,0.0103939431883555,0.0616532621664307
"gene","Vom2r78",3.84805101004368,0.0103939431883555,0.0616532621664307
"gene","Vom2r79",2.21238396465725,0.0103939431883555,0.0616532621664307
"gene","Vrtn",1.87515203653551,0.0103939431883555,0.0616532621664307
"gene","Vsx1",2.02044303403266,0.0103939431883555,0.0616532621664307
"gene","Vwa5b1",2.91046836540867,0.0103939431883555,0.0616532621664307
"gene","Wfdc13",2.29225442884746,0.0103939431883555,0.0616532621664307
"gene","Wnt10a",3.45697107644098,0.0103939431883555,0.0616532621664307
"gene","Zdhhc22",3.96813029967574,0.0103939431883555,0.0616532621664307
"gene","Zfp575",3.1696913795396,0.0103939431883555,0.0616532621664307
"gene","Zg16b",2.2163141669139,0.0103939431883555,0.0616532621664307
"gene","Zp3",2.36864844147583,0.0103939431883555,0.0616532621664307
"gene","Zp3r",3.40316294991957,0.0103939431883555,0.0616532621664307
"gene","Cst8",5.04123729632937,0.0104114526891608,0.0616532621664307
"gene","Syt7",4.55941454788389,0.010446849535332,0.0617163920852094
"gene","Patl2",2.49095229859311,0.0105214498250022,0.061815582370598
"gene","LOC108350073",3.04012635554518,0.010557164110074,0.0619194856518748
"gene","Ctnnd2",2.86617269890562,0.0106387314299397,0.062211644338358
"gene","Slc2a4",10.2159491265715,0.0106657205553707,0.062263855896854
"gene","Gpr25",11.776242328822,0.0106684562709038,0.062263855896854
"gene","Syne1",2.83351881267189,0.0106963366524644,0.0623582911494144
"gene","Fstl5",5.85943681581151,0.0107466577383053,0.0624370545322824
"gene","RGD1563378",3.17657845056174,0.0107719846645484,0.0624370545322824
"gene","Ikzf3",2.43397861757722,0.0108909364699712,0.0624927510786105
"gene","LOC108352133",16.086379975562,0.0109080533445831,0.0624927510786105
"gene","LOC108351918",1.74391253846085,0.0109167007465463,0.06249445895824
"gene","B3gnt5",10.9235747318654,0.0109414293834509,0.0625668466970445
"gene","Ovol1",6.09536074343647,0.0109676502058992,0.0625946334663785
"gene","LOC103693129",3.43791778257719,0.0111132579160551,0.0629214580352789
"gene","Fcho1",2.26177921438136,0.0111173852039621,0.0629214580352789
"gene","Pappa2",7.6471953395458,0.0112264937183056,0.0630691669935456
"gene","Ccdc154",1.95602771446838,0.0112701617307243,0.0631888843104652
"gene","Zfp39",9.82452672200403,0.0112913262780399,0.0632601625682098
"gene","Abca17",3.67249532833128,0.0113959034114364,0.063408336448288
"gene","LOC102553798",2.09509732314849,0.0116163883297216,0.063847693430924
"gene","Lrrc37a",2.00277737326638,0.0116730768032665,0.0638780325463623
"gene","Cd209f",3.84313161403313,0.0117834035149651,0.0639553107198896
"gene","Mir34a",3.64791857531672,0.0117870876603992,0.0639553107198896
"gene","Plb1",5.67605091733128,0.0118335903206728,0.0640131131678959
"gene","LOC102552016",3.04128472730785,0.0120884802055965,0.0646995168672791
"gene","Mrap",1.97264124461376,0.0120953527853274,0.064713163401126
"gene","LOC108350107",3.91102482570192,0.0121273570737033,0.0647334844748024
"gene","Syt17",2.37559112464303,0.0121640141501416,0.0647334844748024
"gene","Lgr5",2.42230360023135,0.0122090421001804,0.0648120097469942
"gene","Ccdc180",5.18858982733749,0.0123625859680374,0.0651046764803418
"gene","Spns3",2.04587151939532,0.0123862455060043,0.0651065216309106
"gene","LOC103690147",2.07020155321602,0.0124581901346347,0.0653008075334317
"gene","LOC103692231",3.05118282504895,0.0128555885949293,0.066092385384651
"gene","Gpr3",7.50932004096623,0.0129071566384344,0.0661720012697075
"gene","LOC102555662",1.70102163871264,0.0129072666028079,0.0661720012697075
"gene","Muc5b",2.02253585533926,0.0129330770036287,0.0662587825955925
"gene","Unc80",1.78965568122059,0.0129565101637754,0.0662880919862331
"gene","Zfp366",5.10736444982414,0.0129705794051416,0.0663147451144021
"gene","LOC103693339",4.46847527291467,0.0130194236021122,0.0664509960189632
"gene","LOC103692848",9.51244809483889,0.013051300710305,0.0665229729769378
"gene","LOC683408",2.02726588113332,0.0131116320241917,0.0666715799599696
"gene","LOC108352150",2.96459334803831,0.0131822189454122,0.0668262165976363
"gene","LOC689757",6.30557460830334,0.0133456300174466,0.0671484359172427
"gene","LOC108350519",5.18941340622176,0.0133475011721047,0.0671484359172427
"gene","Epb41l4a",4.66841230451502,0.0133995984561238,0.0671542733789076
"gene","LOC501230",2.30660890112677,0.0134510082145254,0.0672843805454737
"gene","Clrn3",2.16512627102919,0.0135334919660859,0.0674254283751234
"gene","Odf3l1",2.80789199619524,0.0135571502611304,0.0674254283751234
"gene","LOC102548800",3.24927460672473,0.0135679241657587,0.0674566007178371
"gene","Znf442",2.26832199599045,0.0136587343117511,0.0675901135171812
"gene","Galnt14",2.00873375675743,0.0137263670903915,0.0677716739258448
"gene","Fam171b",12.4635553988474,0.0137455829771849,0.0677994652943847
"gene","Cacna1a",3.54367619941451,0.0137879406541852,0.0678887374248513
"gene","Lrrc27",2.64049867787563,0.0139740993960462,0.0682297025305975
"gene","Slc24a1",2.77071510282635,0.0140150867609327,0.0682823504406801
"gene","LOC103691947",2.18579579582834,0.0140853593281652,0.0683450833946114
"gene","Tmed11",3.27126905765612,0.0141007839954453,0.0683450833946114
"gene","Sec1",1.83028963656426,0.0143483681285532,0.068690460788117
"gene","Olr303",4.81161780266033,0.0144173652370791,0.0688885916371129
"gene","LOC102553138",2.30478147826193,0.0144786825238545,0.0689707202006256
"gene","Dnm3",2.38811099389192,0.0145419390758861,0.0690649834917559
"gene","Lin28a",3.52717202152808,0.0145905015060601,0.0691682024083852
"gene","Atp1a2",2.52439910327847,0.0149241626839105,0.0696864364872552
"gene","Tnfrsf13b",7.44382098033582,0.0153981398825618,0.0706469968618427
"gene","LOC102554317",3.31739908757135,0.0156429743079758,0.0710249917835732
"gene","Syt9",2.84799213657741,0.0157629763601236,0.0711401133889207
"gene","Tmem95",9.48030486290621,0.0158317516978583,0.0713429629491087
"gene","Hes7",2.9694723249058,0.0158844155715425,0.0714727084779055
"gene","B3glct",1.80740630776649,0.0160071811168232,0.0717174401382078
"gene","LOC102552118",2.81533422162719,0.0161536489347502,0.071895150131817
"gene","Dchs2",2.09672324012841,0.0161960043616152,0.0719861832225687
"gene","Pld6",2.76324689019732,0.0162712559228445,0.0721293163058876
"gene","Cd160",4.30915831252435,0.0166264371526383,0.072947762067701
"gene","Slc36a2",4.25246763235628,0.0167918490913542,0.0732434048913377
"gene","LOC102547806",1.59662522741344,0.0171506487361133,0.0738622587973578
"gene","Xylt1",5.65505450143496,0.0175072891026915,0.0745616267047772
"gene","Stk32c",2.62077375890067,0.0177066875794251,0.0747617480678361
"gene","Zfp951",2.0702745047629,0.0180225697370195,0.0753518948311148
"gene","LOC102554074",1.80189848210889,0.0180675860763364,0.0754033352558561
"gene","LOC100359930",4.16571619155152,0.0181789611334874,0.0756344797451902
"gene","Lingo1",3.884524498495,0.0190381282742091,0.077131469625145
"gene","LOC102553634",33.6595693082606,0.0191523599961572,0.0773013828909336
"gene","Styk1",3.97619834143768,0.0193163347347429,0.0776909003167925
"gene","Vstm1",5.45184672221824,0.0195304064110141,0.078215672544912
"gene","Kif26a",2.5919116731982,0.0201833070908972,0.0791348577369954
"gene","Pbp2",2.16961821206784,0.0203489828074011,0.0792020822445732
"gene","Emilin3",3.69595260518913,0.0205213735802272,0.0793260065955578
"gene","LOC108348385",8.91012300998164,0.0205327043717407,0.0793260065955578
"gene","LOC102553541",2.58542453889947,0.0209335770157035,0.0800164080475005
"gene","LOC100302465",11.0124670862047,0.0216318424776736,0.0812211391750122
"gene","Sncaip",3.23320238326454,0.0221431714318885,0.0822743301899654
"gene","C2cd4c",10.8350101495361,0.0224731983277764,0.0828416927997207
"gene","Khps1a",2.30621018792771,0.0225326876842064,0.0829393495531274
"gene","Sfrp2",2.81822267862679,0.0225596740188578,0.0829978668130503
"gene","Hormad2",2.71543804849756,0.0228850683627129,0.0835584081438565
"gene","Adamts8",3.7569919838088,0.0229081583517027,0.0836223190746133
"gene","Smkr1",2.71537427547459,0.0233141089413558,0.084282108392199
"gene","Sox17",1.23818000219331,0.0234902854930956,0.0846298509873499
"gene","Tnfsf9",3.87510925144881,0.0237002801293686,0.0849397159532317
"gene","LOC102553173",11.9326330982453,0.0237587557598549,0.0850934254473762
"gene","LOC100910801",5.26177462169813,0.0237783905727915,0.0851096803346373
"gene","Mypop",2.21499702592455,0.0238625258911015,0.0852098152412513
"gene","Ebf3",2.17766865176281,0.0239056334299794,0.0852471015833235
"gene","LOC102551116",2.57028487523018,0.0244056991337592,0.0860667411148117
"gene","Terb1",2.10362399526972,0.0245220035429436,0.0862599492002423
"gene","RT1-DOb",4.9771661069917,0.0245570047169096,0.0862599492002423
"gene","LOC108350725",7.02432933113998,0.0246178747045754,0.0862941703204047
"gene","Lekr1",5.78601118602531,0.0253905535798487,0.0877011045432243
"gene","Ankrd22",3.40831000837359,0.0254931591801623,0.0879540430806705
"gene","LOC108352091",2.39328225622649,0.02574316608893,0.088228021760121
"gene","LOC103693635",2.22019058556047,0.0260508429498845,0.088723109700403
"gene","Zfhx2",2.81019808595086,0.0263551899875072,0.0894033977142494
"gene","Olr288",2.30602425124765,0.0275887285937773,0.0913926238213865
"gene","Duox1",2.43090277732441,0.0279409766965426,0.0919162690192904
"gene","Dgkg",2.23380309377584,0.0279978053514355,0.0919743572769342
"gene","LOC102551996",2.31207542133637,0.0288832054437879,0.0937107900939541
"gene","LOC108352411",1.80554118449163,0.0289971109149814,0.0939581710816604
"gene","LOC102550577",1.896403272525,0.0294888788542141,0.0948331936514685
"gene","Kcnrg",1.87158851060295,0.0297399638161181,0.0952518738398134
"gene","Zfp59",2.7913747859337,0.0298490632567273,0.0954557441958918
"gene","F2rl3",2.90574356628578,0.0299152212389657,0.0955511043099867
"gene","LOC690246",1.16931780617636,0.0300366454941612,0.0957531427980721
"gene","Rpl3l",14.9768314274271,0.030648362627127,0.0969171923379998
"gene","Cspg5",2.79273647640728,0.031529182821234,0.0984136502989725
"gene","LOC102552773",1.50000488888219,0.0318906321923111,0.0989025821253155
"gene","LOC102550543",8.37470050316028,0.031935704241031,0.0990042434593543
"gene","LOC108348373",9.14750816500922,0.0319564799195458,0.0990042434593543
"gene","Elmod1",3.97089672437328,0.0330623917883883,0.100906015305234
"gene","LOC103691163",2.58633922979031,0.034631418980465,0.103647390724399
"gene","LOC102548014",1.34259818133014,0.0348094185402926,0.103842261595264
"gene","Susd4",1.76769476470999,0.0350842273402341,0.104187903865758
"gene","LOC102547173",1.97001650860108,0.0358524214400169,0.10521677101687
"gene","Lrguk",2.44250492397401,0.0359904587878457,0.105453476087153
"gene","Samd15",2.88657336998557,0.0360492425167117,0.105566737182155
"gene","Fgf11",4.16096078704041,0.0366146621272372,0.106429929522736
"gene","Jag2",2.41244365822716,0.0381491854777023,0.109216543622338
"gene","Sgca",2.80197499659986,0.0382280391962589,0.109280668316459
"gene","LOC691153",3.42648407273282,0.0386146642869754,0.109918525266404
"gene","Stc1",2.73020044601188,0.0386391482323639,0.109925512930157
"gene","Tmem179",5.40655887766539,0.0388689416547896,0.110422333730278
"gene","Rprml",1.73931726731752,0.0398934396229441,0.111679337722458
"gene","LOC103691049",6.11432575123078,0.0404196033144764,0.112456528645004
"gene","Senp8",1.74824758326639,0.0407213826833359,0.113035249169208
"gene","LOC102555109",1.64138191903292,0.042239711902746,0.115304246386599
"gene","Il17rd",2.1904407955987,0.0424810272517593,0.115709784927008
"gene","Gbgt1",1.29387679517306,0.0427951993817473,0.116126323512406
"gene","Il18r1",3.14512196565411,0.0434239970421684,0.117000942354439
"gene","Mdga1",5.46157677668218,0.0448607262337816,0.119453054379173
"gene","Baiap2l2",2.42859674256761,0.0449033121305351,0.119523930048739
"gene","Lingo3",1.42756386621307,0.0452101170653798,0.120041761700734
"gene","LOC103692100",1.68358962717988,0.0470624804300015,0.123233397242806
"gene","Sox7",5.72361412816792,0.0476562327005743,0.12406837233477
"gene","Tubb4a",2.26994914840345,0.0487127424631133,0.125859467496169
"gene","Krt14",2.69742109655784,0.0489568736246552,0.126065276891291
"gene","Ppm1j",3.11975557637407,0.0498548921331339,0.12755490060829
"gene","LOC100909590",4.73203498100459,0.0548657956709733,0.13519933505357
"gene","Krt222",2.64348343592095,0.0552710431882579,0.135707317783864
"gene","Npr2",2.2997599446612,0.0573534626640709,0.138800613844733
"gene","Rab26",2.53812960818051,0.058282533925304,0.140361893961036
"gene","Siglec8",4.24741071585346,0.0587659947625611,0.141248615970287
"gene","LOC102553043",1.69727175376302,0.06139886389666,0.144952056857436
"gene","Hipk4",2.14465151789001,0.0617250560179314,0.14546978724629
"gene","Hemgn",1.83588282653944,0.0623421161631722,0.146416924845103
"gene","Aunip",2.58186120432251,0.0639200620772838,0.1487042079332
"gene","Ccdc3",1.54036932793033,0.0640905480277563,0.148934415395143
"gene","Tnnt1",2.231096932975,0.0647426911467647,0.149914630544017
"gene","LOC102555033",7.58968838368216,0.0652228166595415,0.15058383180033
"gene","Lrr1",4.28650756373171,0.0681943377606146,0.154519829365199
"gene","LOC102548446",4.84320568533857,0.0704027551879309,0.157514458999152
"gene","Zfp112",3.04254662932229,0.0710273220536468,0.158549211848792
"gene","Zfp791",1.74988010211758,0.0731867688764832,0.16207188314807
"gene","Il1rl1",1.8319073906924,0.0764403840319478,0.166493896254657
"gene","Ly6i",11.9223039292302,0.0799726329811778,0.171640188634872
"gene","Zfp7",3.94721404111437,0.0803132943310909,0.172136694611337
"gene","LOC102554176",3.37093977500525,0.0808663481353991,0.172839696114638
"gene","Il17b",2.48761096985222,0.081030971513021,0.173092700278243
"gene","Spock1",1.3655250632543,0.0862576609483287,0.180648738723626
"gene","LOC102555913",2.07222246136067,0.0953748918273517,0.193358901768074
"gene","Fam124a",1.4670272559145,0.105720714645828,0.20736885459225
"gene","Fosb",3.52693870291495,0.106481296615597,0.208369282396795
"gene","Scg5",2.24938079905506,0.11387658090216,0.219117277134362
"gene","Srcin1",1.77299865217406,0.11849465375425,0.225252694184269
"gene","LOC102556069",2.00826667973252,0.127307556433521,0.237719111863515
"gene","LOC102555439",1.99778293335009,0.144280197878044,0.258636637795992
"gene","Caskin1",2.25446841054176,0.15751505211455,0.274793186126886
"gene","Cd3g",4.41186369936953,0.158172385562046,0.275650827923612
"gene","Tmem63c",2.53415746108677,0.172094285639587,0.29314933728858
"gene","Arl5c",2.27256916380802,0.183631178394958,0.307352274214281
"gene","Cd52",1.62632646967241,0.211337362862893,0.340367974401023
"gene","Tas1r1",2.14491009649858,0.240082415866023,0.373667505484695
"gene","Fbxl16",1.14463432798657,0.306901483243048,0.446353366768526
"gene","LOC103693563",3.75516402715312,0.341321590661218,0.48317581202822
"gene","LOC100911090",4.70072946391911,0.373813612579587,0.515711895706977
"gene","LOC100910474",1.46250801056949,0.750598463957861,0.828158830000676
"gene","LOC306079",1.66051970770499,0.813626951855348,0.870932818682487
